<?xml version="1.0" encoding="UTF-8"?>
<metadata xml:lang="en"><Esri><CreaDate>20091207</CreaDate><CreaTime>13204700</CreaTime><ArcGISFormat>1.0</ArcGISFormat><SyncOnce>TRUE</SyncOnce><DataProperties><itemProps><itemLocation><linkage Sync="TRUE">file://\\MAGNESIUM\Staff\CraigM\ProteusTool\shapexport\z1</linkage><protocol Sync="TRUE">Local Area Network</protocol></itemLocation></itemProps><copyHistory><copy source="F:\Staff\CraigM\ProteusTool\shapexport\z1\z1" dest="\\MAGNESIUM\Staff\CraigM\ProteusTool\shapexport\z1" date="20091207" time="13204700"></copy></copyHistory><lineage><Process ToolSource="C:\Program Files\ArcGIS\Desktop9.4\ArcToolbox\Toolboxes\Data Management Tools.tbx\DeleteField" Date="20091207" Time="132936">DeleteField z1 PROP_ID;FILE_NO;APPLICANT;TYPE;SHEET_NO;SW_MEMBER;OBJECTID;ID;OID_1;ID_1;TIPO;NUM_EXP;JUZGADO;CONCESION;TITULAR;CIA;F_PRE1040;F_RES20;F_SEN3050;F_SEN60;F_INS1040;F_INS3050;F_BOM1040;F_BOM20;F_BOM3050;F_BOM60;N_BOM20;N_BOM3050;N_BOM60;FJ_INS3050;N_INS3050;REG_CON;PROV_CON;LUGAR;ZONA;DATUM;HOJAIGM;NORTE_PIPM;ESTE_PIPM;N_S;E_W;SUP_TOT;N_LADOS;D_TITULAR;CIU_BOM;CIU_CONS;ROL_MINERO;T_FRANCO;MEMO_;SHAPE_LENG;SHAPE_AREA;TENEMENT;HECTAREA;OWNER;COMMODITIE;PROJECTION;ZONE;FECHA;GISID;UPDATEBY;LASTUPDATE;GISSOURCE;SHAPE_LEN;NUMERO;ANO;PROCESSO;SEQUENCIA;ULT_EVENTO;SUBS;USO;UF;SHAPE_LE_1;LICENSEID;EXPLORER;NAME;ABBREVIATI;EXPLORING;LOCATION;_0KMAPCODE;SIZE_KM2;GRANTED_DA;TRANSFERRE;EXPIRED_DA;USAGE06;MINCOM06RM;REPORT06;USAGE07;MINCOM07RM;REPORT07;USAGE08;MINCOM08RM;REPORT08;METADATA;APPLIED_DA;UPDATED z1</Process></lineage></DataProperties></Esri></metadata>
